model,seed,video_id,src,true_label,pred_label,status,match,event_count,max_p_fall,mean_p_fall,max_lying,mean_motion_high,first_event_start_s,n_windows
ctr_gcn,42,corridor__corridor_back_1,/Users/ruzhan/fall_test/corridor/corridor_back_1.mp4,1,0,FN,0,0,0.3877886235713959,0.06612132489681244,0.4417036771774292,0.0,,26
ctr_gcn,42,corridor__corridor_back_2,/Users/ruzhan/fall_test/corridor/corridor_back_2.mp4,1,1,TP,1,1,0.9999512434005737,0.5193209052085876,0.5977294445037842,0.7464236617088318,13.566666603088379,30
ctr_gcn,42,corridor__corridor_front_1,/Users/ruzhan/fall_test/corridor/corridor_front_1.mp4,1,1,TP,1,1,0.7533283233642578,0.1485796868801117,0.11569336801767349,0.5210725665092468,2.366666555404663,26
ctr_gcn,42,corridor__corridor_front_2,/Users/ruzhan/fall_test/corridor/corridor_front_2.mp4,1,1,TP,1,1,0.9998892545700073,0.49422183632850647,0.46425294876098633,0.467563271522522,13.566666603088379,25
ctr_gcn,42,corridor__corridor_side_1,/Users/ruzhan/fall_test/corridor/corridor_side_1.mp4,1,1,TP,1,1,0.9918966889381409,0.3528248071670532,0.09335821866989136,0.29599347710609436,2.366666555404663,30
ctr_gcn,42,corridor__corridor_side_2,/Users/ruzhan/fall_test/corridor/corridor_side_2.mp4,1,1,TP,1,1,0.9998825788497925,0.3885405361652374,0.0484088696539402,0.32415300607681274,14.366666793823242,26
ctr_gcn,42,corridor_adl__corridor_bend_1,/Users/ruzhan/fall_test/corridor_adl/corridor_bend_1.mp4,0,0,TN,1,0,0.111137256026268,0.032592277973890305,0.09839737415313721,0.0,,17
ctr_gcn,42,corridor_adl__corridor_bend_2,/Users/ruzhan/fall_test/corridor_adl/corridor_bend_2.mp4,0,0,TN,1,0,0.0794372484087944,0.020395120605826378,0.1789158582687378,0.0,,15
ctr_gcn,42,corridor_adl__corridor_squat_1,/Users/ruzhan/fall_test/corridor_adl/corridor_squat_1.mp4,0,0,TN,1,0,0.317184716463089,0.07773531228303909,0.01268019713461399,0.0,,24
ctr_gcn,42,corridor_adl__corridor_squat_2,/Users/ruzhan/fall_test/corridor_adl/corridor_squat_2.mp4,0,1,FP,0,1,0.9950542449951172,0.243796706199646,0.32345113158226013,0.2630167007446289,14.366666793823242,24
ctr_gcn,42,corridor_adl__corridor_walk_1,/Users/ruzhan/fall_test/corridor_adl/corridor_walk_1.mp4,0,0,TN,1,0,0.15754051506519318,0.0321643128991127,0.022322559729218483,0.0,,20
ctr_gcn,42,corridor_adl__corridor_walk_2,/Users/ruzhan/fall_test/corridor_adl/corridor_walk_2.mp4,0,0,TN,1,0,0.048869624733924866,0.012799734249711037,0.11368703842163086,0.0,,18
ctr_gcn,42,kitchen__kitchen_back_1,/Users/ruzhan/fall_test/kitchen/kitchen_back_1.mp4,1,1,TP,1,1,0.9785757660865784,0.13449054956436157,0.37815216183662415,0.6763990521430969,2.366666555404663,21
ctr_gcn,42,kitchen__kitchen_back_2,/Users/ruzhan/fall_test/kitchen/kitchen_back_2.mp4,1,1,TP,1,1,0.9998852014541626,0.30875834822654724,0.4346223771572113,0.84366375207901,19.16666603088379,34
ctr_gcn,42,kitchen__kitchen_front_1,/Users/ruzhan/fall_test/kitchen/kitchen_front_1.mp4,1,1,TP,1,1,0.6762749552726746,0.1999586820602417,0.09739884734153748,0.2970963418483734,5.566666603088379,14
ctr_gcn,42,kitchen__kitchen_front_2,/Users/ruzhan/fall_test/kitchen/kitchen_front_2.mp4,1,1,TP,1,1,0.9996610879898071,0.31845054030418396,0.47142964601516724,0.7063141465187073,19.96666717529297,29
ctr_gcn,42,kitchen__kitchen_side_1,/Users/ruzhan/fall_test/kitchen/kitchen_side_1.mp4,1,1,TP,1,1,0.9955364465713501,0.7342841625213623,0.5031375885009766,0.14701208472251892,7.166666507720947,36
ctr_gcn,42,kitchen__kitchen_side_2,/Users/ruzhan/fall_test/kitchen/kitchen_side_2.mp4,1,1,TP,1,1,0.8561303019523621,0.08185388147830963,0.2887519896030426,0.5975008606910706,2.366666555404663,29
ctr_gcn,42,kitchen_adl__kitchen_lie_1,/Users/ruzhan/fall_test/kitchen_adl/kitchen_lie_1.mp4,0,0,TN,1,0,0.4783391058444977,0.10840343683958054,0.7811341881752014,0.008984235115349293,,46
ctr_gcn,42,kitchen_adl__kitchen_lie_2,/Users/ruzhan/fall_test/kitchen_adl/kitchen_lie_2.mp4,0,1,FP,0,1,0.99250727891922,0.5517083406448364,0.5099090933799744,0.0806325152516365,10.366666793823242,28
ctr_gcn,42,kitchen_adl__kitchen_sit_1,/Users/ruzhan/fall_test/kitchen_adl/kitchen_sit_1.mp4,0,0,TN,1,0,0.056820329278707504,0.0171200018376112,0.6994116902351379,0.0,,34
ctr_gcn,42,kitchen_adl__kitchen_sit_2,/Users/ruzhan/fall_test/kitchen_adl/kitchen_sit_2.mp4,0,0,TN,1,0,0.5371674299240112,0.06615306437015533,0.4787076711654663,0.5344368815422058,,31
ctr_gcn,42,kitchen_adl__kitchen_sit_bend_1,/Users/ruzhan/fall_test/kitchen_adl/kitchen_sit_bend_1.mp4,0,0,TN,1,0,0.718423068523407,0.05234231799840927,0.821293830871582,0.1078103631734848,,55
ctr_gcn,42,kitchen_adl__kitchen_walk_1,/Users/ruzhan/fall_test/kitchen_adl/kitchen_walk_1.mp4,0,0,TN,1,0,0.5186061859130859,0.07128874957561493,0.4734242558479309,0.060019735246896744,,39
ctr_gcn,1337,corridor__corridor_back_1,/Users/ruzhan/fall_test/corridor/corridor_back_1.mp4,1,0,FN,0,0,0.04069768264889717,0.006746247410774231,0.4417036771774292,0.0,,26
ctr_gcn,1337,corridor__corridor_back_2,/Users/ruzhan/fall_test/corridor/corridor_back_2.mp4,1,1,TP,1,1,0.9999891519546509,0.367666631937027,0.5977294445037842,0.35046660900115967,18.366666793823242,30
ctr_gcn,1337,corridor__corridor_front_1,/Users/ruzhan/fall_test/corridor/corridor_front_1.mp4,1,0,FN,0,0,0.903076171875,0.11267118155956268,0.11569336801767349,0.16016100347042084,,26
ctr_gcn,1337,corridor__corridor_front_2,/Users/ruzhan/fall_test/corridor/corridor_front_2.mp4,1,1,TP,1,1,0.99970942735672,0.45430973172187805,0.46425294876098633,0.5154843330383301,13.566666603088379,25
ctr_gcn,1337,corridor__corridor_side_1,/Users/ruzhan/fall_test/corridor/corridor_side_1.mp4,1,0,FN,0,0,0.3120463490486145,0.04703405126929283,0.09335821866989136,0.0,,30
ctr_gcn,1337,corridor__corridor_side_2,/Users/ruzhan/fall_test/corridor/corridor_side_2.mp4,1,1,TP,1,1,0.9999864101409912,0.390610009431839,0.0484088696539402,0.32415300607681274,14.366666793823242,26
ctr_gcn,1337,corridor_adl__corridor_bend_1,/Users/ruzhan/fall_test/corridor_adl/corridor_bend_1.mp4,0,0,TN,1,0,0.07501436769962311,0.013316496275365353,0.09839737415313721,0.0,,17
ctr_gcn,1337,corridor_adl__corridor_bend_2,/Users/ruzhan/fall_test/corridor_adl/corridor_bend_2.mp4,0,0,TN,1,0,0.06407703459262848,0.008835440501570702,0.1789158582687378,0.0,,15
ctr_gcn,1337,corridor_adl__corridor_squat_1,/Users/ruzhan/fall_test/corridor_adl/corridor_squat_1.mp4,0,0,TN,1,0,0.03784443065524101,0.014038242399692535,0.01268019713461399,0.0,,24
ctr_gcn,1337,corridor_adl__corridor_squat_2,/Users/ruzhan/fall_test/corridor_adl/corridor_squat_2.mp4,0,1,FP,0,1,0.9850136637687683,0.1887158304452896,0.32345113158226013,0.2630167007446289,15.166666984558105,24
ctr_gcn,1337,corridor_adl__corridor_walk_1,/Users/ruzhan/fall_test/corridor_adl/corridor_walk_1.mp4,0,0,TN,1,0,0.09991513937711716,0.019949696958065033,0.022322559729218483,0.0,,20
ctr_gcn,1337,corridor_adl__corridor_walk_2,/Users/ruzhan/fall_test/corridor_adl/corridor_walk_2.mp4,0,0,TN,1,0,0.022769153118133545,0.001617169938981533,0.11368703842163086,0.0,,18
ctr_gcn,1337,kitchen__kitchen_back_1,/Users/ruzhan/fall_test/kitchen/kitchen_back_1.mp4,1,0,FN,0,0,0.03891567140817642,0.0037426636554300785,0.37815216183662415,0.0,,21
ctr_gcn,1337,kitchen__kitchen_back_2,/Users/ruzhan/fall_test/kitchen/kitchen_back_2.mp4,1,1,TP,1,1,0.9999103546142578,0.2527427077293396,0.4346223771572113,0.7645596265792847,20.766666412353516,34
ctr_gcn,1337,kitchen__kitchen_front_1,/Users/ruzhan/fall_test/kitchen/kitchen_front_1.mp4,1,0,FN,0,0,0.5861964225769043,0.08128400892019272,0.09739884734153748,0.1751047670841217,,14
ctr_gcn,1337,kitchen__kitchen_front_2,/Users/ruzhan/fall_test/kitchen/kitchen_front_2.mp4,1,1,TP,1,1,0.9998588562011719,0.3309851884841919,0.47142964601516724,0.8027099370956421,19.16666603088379,29
ctr_gcn,1337,kitchen__kitchen_side_1,/Users/ruzhan/fall_test/kitchen/kitchen_side_1.mp4,1,0,FN,0,0,0.5789507031440735,0.09018898010253906,0.5031375885009766,0.26937639713287354,,36
ctr_gcn,1337,kitchen__kitchen_side_2,/Users/ruzhan/fall_test/kitchen/kitchen_side_2.mp4,1,0,FN,0,0,0.03254668787121773,0.0021424510050565004,0.2887519896030426,0.0,,29
ctr_gcn,1337,kitchen_adl__kitchen_lie_1,/Users/ruzhan/fall_test/kitchen_adl/kitchen_lie_1.mp4,0,0,TN,1,0,0.007633171509951353,0.00110410968773067,0.7811341881752014,0.0,,46
ctr_gcn,1337,kitchen_adl__kitchen_lie_2,/Users/ruzhan/fall_test/kitchen_adl/kitchen_lie_2.mp4,0,0,TN,1,0,0.7213621139526367,0.1461469680070877,0.5099090933799744,0.04555617272853851,,28
ctr_gcn,1337,kitchen_adl__kitchen_sit_1,/Users/ruzhan/fall_test/kitchen_adl/kitchen_sit_1.mp4,0,0,TN,1,0,0.007434650789946318,0.0004752634558826685,0.6994116902351379,0.0,,34
ctr_gcn,1337,kitchen_adl__kitchen_sit_2,/Users/ruzhan/fall_test/kitchen_adl/kitchen_sit_2.mp4,0,0,TN,1,0,0.018653197214007378,0.0022413074038922787,0.4787076711654663,0.0,,31
ctr_gcn,1337,kitchen_adl__kitchen_sit_bend_1,/Users/ruzhan/fall_test/kitchen_adl/kitchen_sit_bend_1.mp4,0,0,TN,1,0,0.1392190158367157,0.00604610750451684,0.821293830871582,0.0,,55
ctr_gcn,1337,kitchen_adl__kitchen_walk_1,/Users/ruzhan/fall_test/kitchen_adl/kitchen_walk_1.mp4,0,0,TN,1,0,0.022748615592718124,0.0069777644239366055,0.4734242558479309,0.0,,39
ctr_gcn,17,corridor__corridor_back_1,/Users/ruzhan/fall_test/corridor/corridor_back_1.mp4,1,0,FN,0,0,0.527228832244873,0.09354890137910843,0.4417036771774292,0.2637345790863037,,26
ctr_gcn,17,corridor__corridor_back_2,/Users/ruzhan/fall_test/corridor/corridor_back_2.mp4,1,1,TP,1,1,0.9997919201850891,0.5163792371749878,0.5977294445037842,1.1081488132476807,12.766666412353516,30
ctr_gcn,17,corridor__corridor_front_1,/Users/ruzhan/fall_test/corridor/corridor_front_1.mp4,1,1,TP,1,1,0.9800063967704773,0.15895478427410126,0.11569336801767349,0.5210725665092468,2.366666555404663,26
ctr_gcn,17,corridor__corridor_front_2,/Users/ruzhan/fall_test/corridor/corridor_front_2.mp4,1,1,TP,1,1,0.9998549222946167,0.4146447479724884,0.46425294876098633,0.5176105499267578,12.766666412353516,25
ctr_gcn,17,corridor__corridor_side_1,/Users/ruzhan/fall_test/corridor/corridor_side_1.mp4,1,1,TP,1,1,0.948784589767456,0.187143474817276,0.09335821866989136,0.25251707434654236,2.366666555404663,30
ctr_gcn,17,corridor__corridor_side_2,/Users/ruzhan/fall_test/corridor/corridor_side_2.mp4,1,1,TP,1,1,0.9983312487602234,0.3732924461364746,0.0484088696539402,0.32415300607681274,14.366666793823242,26
ctr_gcn,17,corridor_adl__corridor_bend_1,/Users/ruzhan/fall_test/corridor_adl/corridor_bend_1.mp4,0,0,TN,1,0,0.10162437707185745,0.02154756896197796,0.09839737415313721,0.0,,17
ctr_gcn,17,corridor_adl__corridor_bend_2,/Users/ruzhan/fall_test/corridor_adl/corridor_bend_2.mp4,0,0,TN,1,0,0.06303809583187103,0.007677098736166954,0.1789158582687378,0.0,,15
ctr_gcn,17,corridor_adl__corridor_squat_1,/Users/ruzhan/fall_test/corridor_adl/corridor_squat_1.mp4,0,0,TN,1,0,0.06373517960309982,0.014073419384658337,0.01268019713461399,0.0,,24
ctr_gcn,17,corridor_adl__corridor_squat_2,/Users/ruzhan/fall_test/corridor_adl/corridor_squat_2.mp4,0,1,FP,0,1,0.99909508228302,0.19816340506076813,0.32345113158226013,0.2630167007446289,15.166666984558105,24
ctr_gcn,17,corridor_adl__corridor_walk_1,/Users/ruzhan/fall_test/corridor_adl/corridor_walk_1.mp4,0,0,TN,1,0,0.774236798286438,0.09171419590711594,0.022322559729218483,0.2516237497329712,,20
ctr_gcn,17,corridor_adl__corridor_walk_2,/Users/ruzhan/fall_test/corridor_adl/corridor_walk_2.mp4,0,0,TN,1,0,0.39824578166007996,0.0623837374150753,0.11368703842163086,0.0,,18
ctr_gcn,17,kitchen__kitchen_back_1,/Users/ruzhan/fall_test/kitchen/kitchen_back_1.mp4,1,1,TP,1,1,0.9964267611503601,0.06717486679553986,0.37815216183662415,0.5074729919433594,2.366666555404663,21
ctr_gcn,17,kitchen__kitchen_back_2,/Users/ruzhan/fall_test/kitchen/kitchen_back_2.mp4,1,1,TP,1,1,0.999974250793457,0.3162122964859009,0.4346223771572113,0.7685129642486572,18.366666793823242,34
ctr_gcn,17,kitchen__kitchen_front_1,/Users/ruzhan/fall_test/kitchen/kitchen_front_1.mp4,1,0,FN,0,0,0.298347145318985,0.041654590517282486,0.09739884734153748,0.0,,14
ctr_gcn,17,kitchen__kitchen_front_2,/Users/ruzhan/fall_test/kitchen/kitchen_front_2.mp4,1,1,TP,1,1,0.9995847344398499,0.2526838779449463,0.47142964601516724,0.7290531992912292,19.16666603088379,29
ctr_gcn,17,kitchen__kitchen_side_1,/Users/ruzhan/fall_test/kitchen/kitchen_side_1.mp4,1,1,TP,1,1,0.999996542930603,0.7131432294845581,0.5031375885009766,0.16837233304977417,6.366666793823242,36
ctr_gcn,17,kitchen__kitchen_side_2,/Users/ruzhan/fall_test/kitchen/kitchen_side_2.mp4,1,0,FN,0,0,0.0338967889547348,0.0017838325584307313,0.2887519896030426,0.0,,29
ctr_gcn,17,kitchen_adl__kitchen_lie_1,/Users/ruzhan/fall_test/kitchen_adl/kitchen_lie_1.mp4,0,1,FP,0,1,0.9557004570960999,0.21917855739593506,0.7811341881752014,0.05070677399635315,20.766666412353516,46
ctr_gcn,17,kitchen_adl__kitchen_lie_2,/Users/ruzhan/fall_test/kitchen_adl/kitchen_lie_2.mp4,0,1,FP,0,1,0.9995359182357788,0.555720865726471,0.5099090933799744,0.0806325152516365,10.366666793823242,28
ctr_gcn,17,kitchen_adl__kitchen_sit_1,/Users/ruzhan/fall_test/kitchen_adl/kitchen_sit_1.mp4,0,0,TN,1,0,0.32501089572906494,0.01930883713066578,0.6994116902351379,0.0,,34
ctr_gcn,17,kitchen_adl__kitchen_sit_2,/Users/ruzhan/fall_test/kitchen_adl/kitchen_sit_2.mp4,0,0,TN,1,0,0.704460859298706,0.03090706281363964,0.4787076711654663,0.0,,31
ctr_gcn,17,kitchen_adl__kitchen_sit_bend_1,/Users/ruzhan/fall_test/kitchen_adl/kitchen_sit_bend_1.mp4,0,0,TN,1,0,0.9762107133865356,0.06838346272706985,0.821293830871582,0.0539051815867424,,55
ctr_gcn,17,kitchen_adl__kitchen_walk_1,/Users/ruzhan/fall_test/kitchen_adl/kitchen_walk_1.mp4,0,0,TN,1,0,0.039192985743284225,0.006453180219978094,0.4734242558479309,0.0,,39
ctr_gcn,2025,corridor__corridor_back_1,/Users/ruzhan/fall_test/corridor/corridor_back_1.mp4,1,0,FN,0,0,0.029886405915021896,0.001971927937120199,0.4417036771774292,0.0,,26
ctr_gcn,2025,corridor__corridor_back_2,/Users/ruzhan/fall_test/corridor/corridor_back_2.mp4,1,1,TP,1,1,0.999271810054779,0.39213430881500244,0.5977294445037842,0.7240131497383118,17.566667556762695,30
ctr_gcn,2025,corridor__corridor_front_1,/Users/ruzhan/fall_test/corridor/corridor_front_1.mp4,1,1,TP,1,1,0.8915358781814575,0.08745305985212326,0.11569336801767349,0.18271224200725555,3.1666667461395264,26
ctr_gcn,2025,corridor__corridor_front_2,/Users/ruzhan/fall_test/corridor/corridor_front_2.mp4,1,1,TP,1,1,0.9999370574951172,0.4026086926460266,0.46425294876098633,0.5176105499267578,12.766666412353516,25
ctr_gcn,2025,corridor__corridor_side_1,/Users/ruzhan/fall_test/corridor/corridor_side_1.mp4,1,1,TP,1,1,0.8275261521339417,0.12782783806324005,0.09335821866989136,0.2271091639995575,11.966666221618652,30
ctr_gcn,2025,corridor__corridor_side_2,/Users/ruzhan/fall_test/corridor/corridor_side_2.mp4,1,1,TP,1,1,0.9999401569366455,0.3767472505569458,0.0484088696539402,0.32415300607681274,14.366666793823242,26
ctr_gcn,2025,corridor_adl__corridor_bend_1,/Users/ruzhan/fall_test/corridor_adl/corridor_bend_1.mp4,0,0,TN,1,0,0.0014936611987650394,0.0002785045944619924,0.09839737415313721,0.0,,17
ctr_gcn,2025,corridor_adl__corridor_bend_2,/Users/ruzhan/fall_test/corridor_adl/corridor_bend_2.mp4,0,0,TN,1,0,0.0007989826845005155,0.00016394822159782052,0.1789158582687378,0.0,,15
ctr_gcn,2025,corridor_adl__corridor_squat_1,/Users/ruzhan/fall_test/corridor_adl/corridor_squat_1.mp4,0,0,TN,1,0,0.0010554584441706538,0.00029969195020385087,0.01268019713461399,0.0,,24
ctr_gcn,2025,corridor_adl__corridor_squat_2,/Users/ruzhan/fall_test/corridor_adl/corridor_squat_2.mp4,0,1,FP,0,1,0.9999558925628662,0.20859551429748535,0.32345113158226013,0.2630167007446289,15.166666984558105,24
ctr_gcn,2025,corridor_adl__corridor_walk_1,/Users/ruzhan/fall_test/corridor_adl/corridor_walk_1.mp4,0,0,TN,1,0,0.004014948848634958,0.0006240852526389062,0.022322559729218483,0.0,,20
ctr_gcn,2025,corridor_adl__corridor_walk_2,/Users/ruzhan/fall_test/corridor_adl/corridor_walk_2.mp4,0,0,TN,1,0,0.5138336420059204,0.034081898629665375,0.11368703842163086,0.42557910084724426,,18
ctr_gcn,2025,kitchen__kitchen_back_1,/Users/ruzhan/fall_test/kitchen/kitchen_back_1.mp4,1,1,TP,1,1,0.9604110717773438,0.048183899372816086,0.37815216183662415,0.5074729919433594,2.366666555404663,21
ctr_gcn,2025,kitchen__kitchen_back_2,/Users/ruzhan/fall_test/kitchen/kitchen_back_2.mp4,1,1,TP,1,1,0.9996329545974731,0.2882618308067322,0.4346223771572113,0.7685129642486572,19.16666603088379,34
ctr_gcn,2025,kitchen__kitchen_front_1,/Users/ruzhan/fall_test/kitchen/kitchen_front_1.mp4,1,0,FN,0,0,0.3326200842857361,0.03169240429997444,0.09739884734153748,0.0,,14
ctr_gcn,2025,kitchen__kitchen_front_2,/Users/ruzhan/fall_test/kitchen/kitchen_front_2.mp4,1,1,TP,1,1,0.999941349029541,0.28462377190589905,0.47142964601516724,0.7456933856010437,19.16666603088379,29
ctr_gcn,2025,kitchen__kitchen_side_1,/Users/ruzhan/fall_test/kitchen/kitchen_side_1.mp4,1,1,TP,1,1,0.999620795249939,0.6912346482276917,0.5031375885009766,0.13865146040916443,6.366666793823242,36
ctr_gcn,2025,kitchen__kitchen_side_2,/Users/ruzhan/fall_test/kitchen/kitchen_side_2.mp4,1,0,FN,0,0,0.007432452403008938,0.00030540881562046707,0.2887519896030426,0.0,,29
ctr_gcn,2025,kitchen_adl__kitchen_lie_1,/Users/ruzhan/fall_test/kitchen_adl/kitchen_lie_1.mp4,0,1,FP,0,1,0.9682419300079346,0.19959284365177155,0.7811341881752014,0.006069473456591368,22.366666793823242,46
ctr_gcn,2025,kitchen_adl__kitchen_lie_2,/Users/ruzhan/fall_test/kitchen_adl/kitchen_lie_2.mp4,0,1,FP,0,1,0.9975109100341797,0.5268032550811768,0.5099090933799744,0.06706954538822174,11.166666984558105,28
ctr_gcn,2025,kitchen_adl__kitchen_sit_1,/Users/ruzhan/fall_test/kitchen_adl/kitchen_sit_1.mp4,0,0,TN,1,0,0.05278460681438446,0.00231228512711823,0.6994116902351379,0.0,,34
ctr_gcn,2025,kitchen_adl__kitchen_sit_2,/Users/ruzhan/fall_test/kitchen_adl/kitchen_sit_2.mp4,0,0,TN,1,0,0.002445490099489689,0.0001401558838551864,0.4787076711654663,0.0,,31
ctr_gcn,2025,kitchen_adl__kitchen_sit_bend_1,/Users/ruzhan/fall_test/kitchen_adl/kitchen_sit_bend_1.mp4,0,0,TN,1,0,0.034664832055568695,0.0018181295599788427,0.821293830871582,0.0,,55
ctr_gcn,2025,kitchen_adl__kitchen_walk_1,/Users/ruzhan/fall_test/kitchen_adl/kitchen_walk_1.mp4,0,0,TN,1,0,0.015760120004415512,0.0012478475691750646,0.4734242558479309,0.0,,39
ctr_gcn,33724876,corridor__corridor_back_1,/Users/ruzhan/fall_test/corridor/corridor_back_1.mp4,1,0,FN,0,0,0.12929220497608185,0.007663721218705177,0.4417036771774292,0.0,,26
ctr_gcn,33724876,corridor__corridor_back_2,/Users/ruzhan/fall_test/corridor/corridor_back_2.mp4,1,1,TP,1,1,0.9999997615814209,0.4965839684009552,0.5977294445037842,1.1354140043258667,13.566666603088379,30
ctr_gcn,33724876,corridor__corridor_front_1,/Users/ruzhan/fall_test/corridor/corridor_front_1.mp4,1,0,FN,0,0,0.2734503746032715,0.029200198128819466,0.11569336801767349,0.0,,26
ctr_gcn,33724876,corridor__corridor_front_2,/Users/ruzhan/fall_test/corridor/corridor_front_2.mp4,1,1,TP,1,1,0.9999985694885254,0.418549120426178,0.46425294876098633,0.363252729177475,13.566666603088379,25
ctr_gcn,33724876,corridor__corridor_side_1,/Users/ruzhan/fall_test/corridor/corridor_side_1.mp4,1,1,TP,1,1,0.9860081076622009,0.20398347079753876,0.09335821866989136,0.2418488711118698,2.366666555404663,30
ctr_gcn,33724876,corridor__corridor_side_2,/Users/ruzhan/fall_test/corridor/corridor_side_2.mp4,1,1,TP,1,1,0.9999295473098755,0.3734913170337677,0.0484088696539402,0.32415300607681274,14.366666793823242,26
ctr_gcn,33724876,corridor_adl__corridor_bend_1,/Users/ruzhan/fall_test/corridor_adl/corridor_bend_1.mp4,0,0,TN,1,0,0.001102154841646552,0.0003152138087898493,0.09839737415313721,0.0,,17
ctr_gcn,33724876,corridor_adl__corridor_bend_2,/Users/ruzhan/fall_test/corridor_adl/corridor_bend_2.mp4,0,0,TN,1,0,0.01086097676306963,0.002550738863646984,0.1789158582687378,0.0,,15
ctr_gcn,33724876,corridor_adl__corridor_squat_1,/Users/ruzhan/fall_test/corridor_adl/corridor_squat_1.mp4,0,0,TN,1,0,0.0057905917055904865,0.00043698164517991245,0.01268019713461399,0.0,,24
ctr_gcn,33724876,corridor_adl__corridor_squat_2,/Users/ruzhan/fall_test/corridor_adl/corridor_squat_2.mp4,0,1,FP,0,1,0.9999994039535522,0.22309641540050507,0.32345113158226013,0.2630167007446289,15.166666984558105,24
ctr_gcn,33724876,corridor_adl__corridor_walk_1,/Users/ruzhan/fall_test/corridor_adl/corridor_walk_1.mp4,0,0,TN,1,0,0.004275678191334009,0.00048554263776168227,0.022322559729218483,0.0,,20
ctr_gcn,33724876,corridor_adl__corridor_walk_2,/Users/ruzhan/fall_test/corridor_adl/corridor_walk_2.mp4,0,0,TN,1,0,0.09180717915296555,0.005452694837003946,0.11368703842163086,0.0,,18
ctr_gcn,33724876,kitchen__kitchen_back_1,/Users/ruzhan/fall_test/kitchen/kitchen_back_1.mp4,1,1,TP,1,1,0.9994402527809143,0.10555170476436615,0.37815216183662415,0.6763990521430969,2.366666555404663,21
ctr_gcn,33724876,kitchen__kitchen_back_2,/Users/ruzhan/fall_test/kitchen/kitchen_back_2.mp4,1,1,TP,1,1,0.9999986886978149,0.29126912355422974,0.4346223771572113,0.7641867399215698,19.96666717529297,34
ctr_gcn,33724876,kitchen__kitchen_front_1,/Users/ruzhan/fall_test/kitchen/kitchen_front_1.mp4,1,1,TP,1,1,0.8406927585601807,0.07513151317834854,0.09739884734153748,0.6285297274589539,2.366666555404663,14
ctr_gcn,33724876,kitchen__kitchen_front_2,/Users/ruzhan/fall_test/kitchen/kitchen_front_2.mp4,1,1,TP,1,1,0.9999014139175415,0.3276410698890686,0.47142964601516724,0.8027099370956421,19.16666603088379,29
ctr_gcn,33724876,kitchen__kitchen_side_1,/Users/ruzhan/fall_test/kitchen/kitchen_side_1.mp4,1,1,TP,1,1,0.9999868869781494,0.6865897178649902,0.5031375885009766,0.10780973732471466,7.166666507720947,36
ctr_gcn,33724876,kitchen__kitchen_side_2,/Users/ruzhan/fall_test/kitchen/kitchen_side_2.mp4,1,0,FN,0,0,0.1254449188709259,0.031301964074373245,0.2887519896030426,0.0,,29
ctr_gcn,33724876,kitchen_adl__kitchen_lie_1,/Users/ruzhan/fall_test/kitchen_adl/kitchen_lie_1.mp4,0,1,FP,0,1,0.9608256816864014,0.23473577201366425,0.7811341881752014,0.05074262619018555,21.566667556762695,46
ctr_gcn,33724876,kitchen_adl__kitchen_lie_2,/Users/ruzhan/fall_test/kitchen_adl/kitchen_lie_2.mp4,0,1,FP,0,1,0.9843847751617432,0.5256401896476746,0.5099090933799744,0.06706954538822174,11.166666984558105,28
ctr_gcn,33724876,kitchen_adl__kitchen_sit_1,/Users/ruzhan/fall_test/kitchen_adl/kitchen_sit_1.mp4,0,0,TN,1,0,0.47743818163871765,0.01583731546998024,0.6994116902351379,0.76082843542099,,34
ctr_gcn,33724876,kitchen_adl__kitchen_sit_2,/Users/ruzhan/fall_test/kitchen_adl/kitchen_sit_2.mp4,0,0,TN,1,0,0.04343178868293762,0.0037210555747151375,0.4787076711654663,0.0,,31
ctr_gcn,33724876,kitchen_adl__kitchen_sit_bend_1,/Users/ruzhan/fall_test/kitchen_adl/kitchen_sit_bend_1.mp4,0,0,TN,1,0,0.20934483408927917,0.011604663915932178,0.821293830871582,0.0,,55
ctr_gcn,33724876,kitchen_adl__kitchen_walk_1,/Users/ruzhan/fall_test/kitchen_adl/kitchen_walk_1.mp4,0,0,TN,1,0,0.11427288502454758,0.0109630161896348,0.4734242558479309,0.0,,39
tcn,42,corridor__corridor_back_1,/Users/ruzhan/fall_test/corridor/corridor_back_1.mp4,1,1,TP,1,1,0.9988627433776855,0.42692849040031433,0.4417036771774292,0.3547592759132385,8.766666412353516,26
tcn,42,corridor__corridor_back_2,/Users/ruzhan/fall_test/corridor/corridor_back_2.mp4,1,1,TP,1,1,0.9999977350234985,0.5072854161262512,0.5977294445037842,1.1299322843551636,12.766666412353516,30
tcn,42,corridor__corridor_front_1,/Users/ruzhan/fall_test/corridor/corridor_front_1.mp4,1,1,TP,1,1,0.9977906942367554,0.3959764838218689,0.11569336801767349,0.38048550486564636,2.366666555404663,26
tcn,42,corridor__corridor_front_2,/Users/ruzhan/fall_test/corridor/corridor_front_2.mp4,1,1,TP,1,1,0.999995231628418,0.4262096881866455,0.46425294876098633,0.5163304209709167,12.766666412353516,25
tcn,42,corridor__corridor_side_1,/Users/ruzhan/fall_test/corridor/corridor_side_1.mp4,1,1,TP,1,1,0.9990824460983276,0.36119192838668823,0.09335821866989136,0.270951509475708,7.9666666984558105,30
tcn,42,corridor__corridor_side_2,/Users/ruzhan/fall_test/corridor/corridor_side_2.mp4,1,1,TP,1,1,0.9999854564666748,0.39198973774909973,0.0484088696539402,0.32415300607681274,14.366666793823242,26
tcn,42,corridor_adl__corridor_bend_1,/Users/ruzhan/fall_test/corridor_adl/corridor_bend_1.mp4,0,0,TN,1,0,0.0763251930475235,0.017202988266944885,0.09839737415313721,0.0,,17
tcn,42,corridor_adl__corridor_bend_2,/Users/ruzhan/fall_test/corridor_adl/corridor_bend_2.mp4,0,0,TN,1,0,0.1174631342291832,0.03129230812191963,0.1789158582687378,0.0,,15
tcn,42,corridor_adl__corridor_squat_1,/Users/ruzhan/fall_test/corridor_adl/corridor_squat_1.mp4,0,0,TN,1,0,0.4045712351799011,0.06074266508221626,0.01268019713461399,0.0,,24
tcn,42,corridor_adl__corridor_squat_2,/Users/ruzhan/fall_test/corridor_adl/corridor_squat_2.mp4,0,1,FP,0,1,0.9999960660934448,0.395569771528244,0.32345113158226013,0.5036846399307251,13.566666603088379,24
tcn,42,corridor_adl__corridor_walk_1,/Users/ruzhan/fall_test/corridor_adl/corridor_walk_1.mp4,0,0,TN,1,0,0.19570767879486084,0.035654887557029724,0.022322559729218483,0.0,,20
tcn,42,corridor_adl__corridor_walk_2,/Users/ruzhan/fall_test/corridor_adl/corridor_walk_2.mp4,0,0,TN,1,0,0.1187799945473671,0.0345698706805706,0.11368703842163086,0.0,,18
tcn,42,kitchen__kitchen_back_1,/Users/ruzhan/fall_test/kitchen/kitchen_back_1.mp4,1,0,FN,0,0,0.24637506902217865,0.05626796931028366,0.37815216183662415,0.0,,21
tcn,42,kitchen__kitchen_back_2,/Users/ruzhan/fall_test/kitchen/kitchen_back_2.mp4,1,1,TP,1,1,0.9999810457229614,0.30289962887763977,0.4346223771572113,0.7641867399215698,19.16666603088379,34
tcn,42,kitchen__kitchen_front_1,/Users/ruzhan/fall_test/kitchen/kitchen_front_1.mp4,1,1,TP,1,1,0.9842368960380554,0.320232629776001,0.09739884734153748,0.21461230516433716,5.566666603088379,14
tcn,42,kitchen__kitchen_front_2,/Users/ruzhan/fall_test/kitchen/kitchen_front_2.mp4,1,1,TP,1,1,0.9999783039093018,0.2914169430732727,0.47142964601516724,0.5739030241966248,19.16666603088379,29
tcn,42,kitchen__kitchen_side_1,/Users/ruzhan/fall_test/kitchen/kitchen_side_1.mp4,1,1,TP,1,1,0.999976634979248,0.7713775038719177,0.5031375885009766,0.20295459032058716,5.566666603088379,36
tcn,42,kitchen__kitchen_side_2,/Users/ruzhan/fall_test/kitchen/kitchen_side_2.mp4,1,1,TP,1,1,0.9510213136672974,0.4149704575538635,0.2887519896030426,0.24700281023979187,2.366666555404663,29
tcn,42,kitchen_adl__kitchen_lie_1,/Users/ruzhan/fall_test/kitchen_adl/kitchen_lie_1.mp4,0,1,FP,0,1,0.9999935626983643,0.34294894337654114,0.7811341881752014,0.11143848299980164,19.96666717529297,46
tcn,42,kitchen_adl__kitchen_lie_2,/Users/ruzhan/fall_test/kitchen_adl/kitchen_lie_2.mp4,0,1,FP,0,1,0.9999902248382568,0.602066695690155,0.5099090933799744,0.0806325152516365,9.566666603088379,28
tcn,42,kitchen_adl__kitchen_sit_1,/Users/ruzhan/fall_test/kitchen_adl/kitchen_sit_1.mp4,0,0,TN,1,0,0.7457127571105957,0.04660347104072571,0.6994116902351379,0.380414217710495,,34
tcn,42,kitchen_adl__kitchen_sit_2,/Users/ruzhan/fall_test/kitchen_adl/kitchen_sit_2.mp4,0,0,TN,1,0,0.6158332228660583,0.10118406265974045,0.4787076711654663,0.47779160737991333,,31
tcn,42,kitchen_adl__kitchen_sit_bend_1,/Users/ruzhan/fall_test/kitchen_adl/kitchen_sit_bend_1.mp4,0,0,TN,1,0,0.7498732209205627,0.04880017042160034,0.821293830871582,0.21979056298732758,,55
tcn,42,kitchen_adl__kitchen_walk_1,/Users/ruzhan/fall_test/kitchen_adl/kitchen_walk_1.mp4,0,1,FP,0,1,0.9610980749130249,0.11024884879589081,0.4734242558479309,0.10486014187335968,7.166666507720947,39
tcn,1337,corridor__corridor_back_1,/Users/ruzhan/fall_test/corridor/corridor_back_1.mp4,1,0,FN,0,0,0.9395963549613953,0.17781192064285278,0.4417036771774292,0.27588269114494324,,26
tcn,1337,corridor__corridor_back_2,/Users/ruzhan/fall_test/corridor/corridor_back_2.mp4,1,1,TP,1,1,1.0,0.8389187455177307,0.5977294445037842,0.6721400022506714,2.366666555404663,30
tcn,1337,corridor__corridor_front_1,/Users/ruzhan/fall_test/corridor/corridor_front_1.mp4,1,1,TP,1,1,0.9609346985816956,0.2387825846672058,0.11569336801767349,0.3260028660297394,2.366666555404663,26
tcn,1337,corridor__corridor_front_2,/Users/ruzhan/fall_test/corridor/corridor_front_2.mp4,1,1,TP,1,1,1.0,0.7446050047874451,0.46425294876098633,0.2724266052246094,2.366666555404663,25
tcn,1337,corridor__corridor_side_1,/Users/ruzhan/fall_test/corridor/corridor_side_1.mp4,1,1,TP,1,1,0.9908242225646973,0.2087976187467575,0.09335821866989136,0.1787046194076538,11.166666984558105,30
tcn,1337,corridor__corridor_side_2,/Users/ruzhan/fall_test/corridor/corridor_side_2.mp4,1,1,TP,1,1,1.0,0.6154471635818481,0.0484088696539402,0.345624715089798,2.366666555404663,26
tcn,1337,corridor_adl__corridor_bend_1,/Users/ruzhan/fall_test/corridor_adl/corridor_bend_1.mp4,0,1,FP,0,1,0.6433760523796082,0.07437362521886826,0.09839737415313721,0.0,2.366666555404663,17
tcn,1337,corridor_adl__corridor_bend_2,/Users/ruzhan/fall_test/corridor_adl/corridor_bend_2.mp4,0,1,FP,0,1,0.9231625199317932,0.27802774310112,0.1789158582687378,0.0,2.366666555404663,15
tcn,1337,corridor_adl__corridor_squat_1,/Users/ruzhan/fall_test/corridor_adl/corridor_squat_1.mp4,0,0,TN,1,0,0.4105033874511719,0.045442819595336914,0.01268019713461399,0.0,,24
tcn,1337,corridor_adl__corridor_squat_2,/Users/ruzhan/fall_test/corridor_adl/corridor_squat_2.mp4,0,1,FP,0,1,0.9999995231628418,0.5880494117736816,0.32345113158226013,0.6086073517799377,2.366666555404663,24
tcn,1337,corridor_adl__corridor_walk_1,/Users/ruzhan/fall_test/corridor_adl/corridor_walk_1.mp4,0,1,FP,0,1,0.9743647575378418,0.262185275554657,0.022322559729218483,0.08387458324432373,2.366666555404663,20
tcn,1337,corridor_adl__corridor_walk_2,/Users/ruzhan/fall_test/corridor_adl/corridor_walk_2.mp4,0,1,FP,0,1,0.9430537223815918,0.6678043603897095,0.11368703842163086,0.04939597100019455,2.366666555404663,18
tcn,1337,kitchen__kitchen_back_1,/Users/ruzhan/fall_test/kitchen/kitchen_back_1.mp4,1,1,TP,1,1,0.9870916604995728,0.2737228572368622,0.37815216183662415,0.37169504165649414,2.366666555404663,21
tcn,1337,kitchen__kitchen_back_2,/Users/ruzhan/fall_test/kitchen/kitchen_back_2.mp4,1,1,TP,1,1,1.0,0.31085270643234253,0.4346223771572113,0.7685129642486572,18.366666793823242,34
tcn,1337,kitchen__kitchen_front_1,/Users/ruzhan/fall_test/kitchen/kitchen_front_1.mp4,1,0,FN,0,0,0.3415428400039673,0.07566986978054047,0.09739884734153748,0.0,,14
tcn,1337,kitchen__kitchen_front_2,/Users/ruzhan/fall_test/kitchen/kitchen_front_2.mp4,1,1,TP,1,1,1.0,0.42907261848449707,0.47142964601516724,0.47196340560913086,13.566666603088379,29
tcn,1337,kitchen__kitchen_side_1,/Users/ruzhan/fall_test/kitchen/kitchen_side_1.mp4,1,1,TP,1,1,0.9999998807907104,0.8149769902229309,0.5031375885009766,0.21234644949436188,6.366666793823242,36
tcn,1337,kitchen__kitchen_side_2,/Users/ruzhan/fall_test/kitchen/kitchen_side_2.mp4,1,1,TP,1,1,0.997865617275238,0.3778689205646515,0.2887519896030426,0.2794884145259857,4.766666889190674,29
tcn,1337,kitchen_adl__kitchen_lie_1,/Users/ruzhan/fall_test/kitchen_adl/kitchen_lie_1.mp4,0,1,FP,0,2,1.0,0.4728599488735199,0.7811341881752014,0.1435346156358719,2.366666555404663,46
tcn,1337,kitchen_adl__kitchen_lie_2,/Users/ruzhan/fall_test/kitchen_adl/kitchen_lie_2.mp4,0,1,FP,0,1,0.9987969398498535,0.5415443778038025,0.5099090933799744,0.06706954538822174,11.166666984558105,28
tcn,1337,kitchen_adl__kitchen_sit_1,/Users/ruzhan/fall_test/kitchen_adl/kitchen_sit_1.mp4,0,1,FP,0,1,0.997123658657074,0.11592095345258713,0.6994116902351379,0.3333021402359009,2.366666555404663,34
tcn,1337,kitchen_adl__kitchen_sit_2,/Users/ruzhan/fall_test/kitchen_adl/kitchen_sit_2.mp4,0,1,FP,0,1,0.9231625199317932,0.16106122732162476,0.4787076711654663,0.10882502794265747,2.366666555404663,31
tcn,1337,kitchen_adl__kitchen_sit_bend_1,/Users/ruzhan/fall_test/kitchen_adl/kitchen_sit_bend_1.mp4,0,1,FP,0,2,0.9992015957832336,0.1258970946073532,0.821293830871582,0.30774620175361633,2.366666555404663,55
tcn,1337,kitchen_adl__kitchen_walk_1,/Users/ruzhan/fall_test/kitchen_adl/kitchen_walk_1.mp4,0,0,TN,1,0,0.9932014346122742,0.10339727252721786,0.4734242558479309,0.3293743431568146,,39
tcn,17,corridor__corridor_back_1,/Users/ruzhan/fall_test/corridor/corridor_back_1.mp4,1,1,TP,1,1,0.9983173608779907,0.3015187978744507,0.4417036771774292,0.37559670209884644,11.166666984558105,26
tcn,17,corridor__corridor_back_2,/Users/ruzhan/fall_test/corridor/corridor_back_2.mp4,1,1,TP,1,1,1.0,0.49412646889686584,0.5977294445037842,1.1820255517959595,13.566666603088379,30
tcn,17,corridor__corridor_front_1,/Users/ruzhan/fall_test/corridor/corridor_front_1.mp4,1,1,TP,1,1,0.9911933541297913,0.22009825706481934,0.11569336801767349,0.3507208526134491,2.366666555404663,26
tcn,17,corridor__corridor_front_2,/Users/ruzhan/fall_test/corridor/corridor_front_2.mp4,1,1,TP,1,1,1.0,0.3868527114391327,0.46425294876098633,0.5176105499267578,12.766666412353516,25
tcn,17,corridor__corridor_side_1,/Users/ruzhan/fall_test/corridor/corridor_side_1.mp4,1,1,TP,1,1,0.9187026619911194,0.23686258494853973,0.09335821866989136,0.19211743772029877,3.9666666984558105,30
tcn,17,corridor__corridor_side_2,/Users/ruzhan/fall_test/corridor/corridor_side_2.mp4,1,1,TP,1,1,0.9999998807907104,0.39174795150756836,0.0484088696539402,0.32415300607681274,14.366666793823242,26
tcn,17,corridor_adl__corridor_bend_1,/Users/ruzhan/fall_test/corridor_adl/corridor_bend_1.mp4,0,0,TN,1,0,0.006033865734934807,0.001977866981178522,0.09839737415313721,0.0,,17
tcn,17,corridor_adl__corridor_bend_2,/Users/ruzhan/fall_test/corridor_adl/corridor_bend_2.mp4,0,0,TN,1,0,0.013404006138443947,0.003091789549216628,0.1789158582687378,0.0,,15
tcn,17,corridor_adl__corridor_squat_1,/Users/ruzhan/fall_test/corridor_adl/corridor_squat_1.mp4,0,0,TN,1,0,0.27541130781173706,0.061546340584754944,0.01268019713461399,0.0,,24
tcn,17,corridor_adl__corridor_squat_2,/Users/ruzhan/fall_test/corridor_adl/corridor_squat_2.mp4,0,1,FP,0,1,0.9999998807907104,0.3314320147037506,0.32345113158226013,0.27724629640579224,14.366666793823242,24
tcn,17,corridor_adl__corridor_walk_1,/Users/ruzhan/fall_test/corridor_adl/corridor_walk_1.mp4,0,0,TN,1,0,0.11889079213142395,0.014328986406326294,0.022322559729218483,0.0,,20
tcn,17,corridor_adl__corridor_walk_2,/Users/ruzhan/fall_test/corridor_adl/corridor_walk_2.mp4,0,0,TN,1,0,0.03804362192749977,0.005879789590835571,0.11368703842163086,0.0,,18
tcn,17,kitchen__kitchen_back_1,/Users/ruzhan/fall_test/kitchen/kitchen_back_1.mp4,1,0,FN,0,0,0.34513601660728455,0.041832953691482544,0.37815216183662415,0.0,,21
tcn,17,kitchen__kitchen_back_2,/Users/ruzhan/fall_test/kitchen/kitchen_back_2.mp4,1,1,TP,1,1,1.0,0.303695946931839,0.4346223771572113,0.7641867399215698,19.16666603088379,34
tcn,17,kitchen__kitchen_front_1,/Users/ruzhan/fall_test/kitchen/kitchen_front_1.mp4,1,1,TP,1,1,0.7252777814865112,0.17096669971942902,0.09739884734153748,0.32177218794822693,2.366666555404663,14
tcn,17,kitchen__kitchen_front_2,/Users/ruzhan/fall_test/kitchen/kitchen_front_2.mp4,1,1,TP,1,1,0.9999972581863403,0.2782331109046936,0.47142964601516724,0.7456933856010437,19.16666603088379,29
tcn,17,kitchen__kitchen_side_1,/Users/ruzhan/fall_test/kitchen/kitchen_side_1.mp4,1,1,TP,1,1,0.9999998807907104,0.8156483173370361,0.5031375885009766,0.21306554973125458,2.366666555404663,36
tcn,17,kitchen__kitchen_side_2,/Users/ruzhan/fall_test/kitchen/kitchen_side_2.mp4,1,1,TP,1,1,0.9970786571502686,0.37959766387939453,0.2887519896030426,0.1533784717321396,2.366666555404663,29
tcn,17,kitchen_adl__kitchen_lie_1,/Users/ruzhan/fall_test/kitchen_adl/kitchen_lie_1.mp4,0,1,FP,0,1,1.0,0.32174307107925415,0.7811341881752014,0.11886771768331528,19.96666717529297,46
tcn,17,kitchen_adl__kitchen_lie_2,/Users/ruzhan/fall_test/kitchen_adl/kitchen_lie_2.mp4,0,1,FP,0,1,0.9999768733978271,0.5631734728813171,0.5099090933799744,0.0806325152516365,10.366666793823242,28
tcn,17,kitchen_adl__kitchen_sit_1,/Users/ruzhan/fall_test/kitchen_adl/kitchen_sit_1.mp4,0,0,TN,1,0,0.804110050201416,0.050684358924627304,0.6994116902351379,0.380414217710495,,34
tcn,17,kitchen_adl__kitchen_sit_2,/Users/ruzhan/fall_test/kitchen_adl/kitchen_sit_2.mp4,0,0,TN,1,0,0.019895799458026886,0.0028273537755012512,0.4787076711654663,0.0,,31
tcn,17,kitchen_adl__kitchen_sit_bend_1,/Users/ruzhan/fall_test/kitchen_adl/kitchen_sit_bend_1.mp4,0,0,TN,1,0,0.9450554251670837,0.050808586180210114,0.821293830871582,0.21979056298732758,,55
tcn,17,kitchen_adl__kitchen_walk_1,/Users/ruzhan/fall_test/kitchen_adl/kitchen_walk_1.mp4,0,0,TN,1,0,0.7147854566574097,0.0637870505452156,0.4734242558479309,0.10082285851240158,,39
tcn,2025,corridor__corridor_back_1,/Users/ruzhan/fall_test/corridor/corridor_back_1.mp4,1,1,TP,1,1,0.9998075366020203,0.28907865285873413,0.4417036771774292,0.37559670209884644,11.966666221618652,26
tcn,2025,corridor__corridor_back_2,/Users/ruzhan/fall_test/corridor/corridor_back_2.mp4,1,1,TP,1,1,1.0,0.517906129360199,0.5977294445037842,1.1299322843551636,12.766666412353516,30
tcn,2025,corridor__corridor_front_1,/Users/ruzhan/fall_test/corridor/corridor_front_1.mp4,1,1,TP,1,1,0.9831429123878479,0.2795061469078064,0.11569336801767349,0.34103158116340637,2.366666555404663,26
tcn,2025,corridor__corridor_front_2,/Users/ruzhan/fall_test/corridor/corridor_front_2.mp4,1,1,TP,1,1,1.0,0.40463438630104065,0.46425294876098633,0.5176105499267578,12.766666412353516,25
tcn,2025,corridor__corridor_side_1,/Users/ruzhan/fall_test/corridor/corridor_side_1.mp4,1,1,TP,1,1,0.8891987204551697,0.14950962364673615,0.09335821866989136,0.18286356329917908,11.166666984558105,30
tcn,2025,corridor__corridor_side_2,/Users/ruzhan/fall_test/corridor/corridor_side_2.mp4,1,1,TP,1,1,1.0,0.3968737721443176,0.0484088696539402,0.32415300607681274,14.366666793823242,26
tcn,2025,corridor_adl__corridor_bend_1,/Users/ruzhan/fall_test/corridor_adl/corridor_bend_1.mp4,0,0,TN,1,0,0.014221121557056904,0.004754959139972925,0.09839737415313721,0.0,,17
tcn,2025,corridor_adl__corridor_bend_2,/Users/ruzhan/fall_test/corridor_adl/corridor_bend_2.mp4,0,0,TN,1,0,0.023647114634513855,0.00666077621281147,0.1789158582687378,0.0,,15
tcn,2025,corridor_adl__corridor_squat_1,/Users/ruzhan/fall_test/corridor_adl/corridor_squat_1.mp4,0,0,TN,1,0,0.8591096997261047,0.1662840098142624,0.01268019713461399,0.05752164125442505,,24
tcn,2025,corridor_adl__corridor_squat_2,/Users/ruzhan/fall_test/corridor_adl/corridor_squat_2.mp4,0,1,FP,0,1,0.9999994039535522,0.42263761162757874,0.32345113158226013,0.7534240484237671,13.566666603088379,24
tcn,2025,corridor_adl__corridor_walk_1,/Users/ruzhan/fall_test/corridor_adl/corridor_walk_1.mp4,0,0,TN,1,0,0.19195517897605896,0.024269310757517815,0.022322559729218483,0.0,,20
tcn,2025,corridor_adl__corridor_walk_2,/Users/ruzhan/fall_test/corridor_adl/corridor_walk_2.mp4,0,0,TN,1,0,0.14310385286808014,0.0193434227257967,0.11368703842163086,0.0,,18
tcn,2025,kitchen__kitchen_back_1,/Users/ruzhan/fall_test/kitchen/kitchen_back_1.mp4,1,0,FN,0,0,0.7043154835700989,0.17092281579971313,0.37815216183662415,0.31136906147003174,,21
tcn,2025,kitchen__kitchen_back_2,/Users/ruzhan/fall_test/kitchen/kitchen_back_2.mp4,1,1,TP,1,1,1.0,0.3134479820728302,0.4346223771572113,0.7685129642486572,18.366666793823242,34
tcn,2025,kitchen__kitchen_front_1,/Users/ruzhan/fall_test/kitchen/kitchen_front_1.mp4,1,0,FN,0,0,0.6673979759216309,0.23011140525341034,0.09739884734153748,0.30864763259887695,,14
tcn,2025,kitchen__kitchen_front_2,/Users/ruzhan/fall_test/kitchen/kitchen_front_2.mp4,1,1,TP,1,1,0.9999992847442627,0.30321648716926575,0.47142964601516724,0.7456933856010437,19.16666603088379,29
tcn,2025,kitchen__kitchen_side_1,/Users/ruzhan/fall_test/kitchen/kitchen_side_1.mp4,1,1,TP,1,1,0.9999995231628418,0.8071568012237549,0.5031375885009766,0.21234644949436188,6.366666793823242,36
tcn,2025,kitchen__kitchen_side_2,/Users/ruzhan/fall_test/kitchen/kitchen_side_2.mp4,1,1,TP,1,1,0.943779468536377,0.34841981530189514,0.2887519896030426,0.2770257890224457,2.366666555404663,29
tcn,2025,kitchen_adl__kitchen_lie_1,/Users/ruzhan/fall_test/kitchen_adl/kitchen_lie_1.mp4,0,1,FP,0,1,1.0,0.3622065484523773,0.7811341881752014,0.13046780228614807,19.96666717529297,46
tcn,2025,kitchen_adl__kitchen_lie_2,/Users/ruzhan/fall_test/kitchen_adl/kitchen_lie_2.mp4,0,1,FP,0,1,1.0,0.5957944989204407,0.5099090933799744,0.10915820300579071,10.366666793823242,28
tcn,2025,kitchen_adl__kitchen_sit_1,/Users/ruzhan/fall_test/kitchen_adl/kitchen_sit_1.mp4,0,0,TN,1,0,0.9618915319442749,0.07227077335119247,0.6994116902351379,0.380414217710495,,34
tcn,2025,kitchen_adl__kitchen_sit_2,/Users/ruzhan/fall_test/kitchen_adl/kitchen_sit_2.mp4,0,0,TN,1,0,0.16842682659626007,0.012508767656981945,0.4787076711654663,0.0,,31
tcn,2025,kitchen_adl__kitchen_sit_bend_1,/Users/ruzhan/fall_test/kitchen_adl/kitchen_sit_bend_1.mp4,0,1,FP,0,1,0.9981279969215393,0.06646523624658585,0.821293830871582,0.21979056298732758,44.766666412353516,55
tcn,2025,kitchen_adl__kitchen_walk_1,/Users/ruzhan/fall_test/kitchen_adl/kitchen_walk_1.mp4,0,0,TN,1,0,0.9418169260025024,0.0642254576086998,0.4734242558479309,0.11091606318950653,,39
tcn,33724876,corridor__corridor_back_1,/Users/ruzhan/fall_test/corridor/corridor_back_1.mp4,1,1,TP,1,1,0.9998855590820312,0.4712856113910675,0.4417036771774292,0.3247010111808777,8.766666412353516,26
tcn,33724876,corridor__corridor_back_2,/Users/ruzhan/fall_test/corridor/corridor_back_2.mp4,1,1,TP,1,1,1.0,0.7838014364242554,0.5977294445037842,0.6695895195007324,2.366666555404663,30
tcn,33724876,corridor__corridor_front_1,/Users/ruzhan/fall_test/corridor/corridor_front_1.mp4,1,1,TP,1,1,0.9995459914207458,0.27718132734298706,0.11569336801767349,0.3507208526134491,2.366666555404663,26
tcn,33724876,corridor__corridor_front_2,/Users/ruzhan/fall_test/corridor/corridor_front_2.mp4,1,1,TP,1,1,1.0,0.6691957712173462,0.46425294876098633,0.28411415219306946,2.366666555404663,25
tcn,33724876,corridor__corridor_side_1,/Users/ruzhan/fall_test/corridor/corridor_side_1.mp4,1,1,TP,1,1,0.9999563694000244,0.3883506953716278,0.09335821866989136,0.2705409824848175,2.366666555404663,30
tcn,33724876,corridor__corridor_side_2,/Users/ruzhan/fall_test/corridor/corridor_side_2.mp4,1,1,TP,1,1,1.0,0.5268166661262512,0.0484088696539402,0.2161020189523697,2.366666555404663,26
tcn,33724876,corridor_adl__corridor_bend_1,/Users/ruzhan/fall_test/corridor_adl/corridor_bend_1.mp4,0,0,TN,1,0,0.2213268280029297,0.02826792746782303,0.09839737415313721,0.0,,17
tcn,33724876,corridor_adl__corridor_bend_2,/Users/ruzhan/fall_test/corridor_adl/corridor_bend_2.mp4,0,1,FP,0,1,0.8625801205635071,0.21119055151939392,0.1789158582687378,0.0,2.366666555404663,15
tcn,33724876,corridor_adl__corridor_squat_1,/Users/ruzhan/fall_test/corridor_adl/corridor_squat_1.mp4,0,0,TN,1,0,0.30153635144233704,0.029530562460422516,0.01268019713461399,0.0,,24
tcn,33724876,corridor_adl__corridor_squat_2,/Users/ruzhan/fall_test/corridor_adl/corridor_squat_2.mp4,0,1,FP,0,1,1.0,0.5307210087776184,0.32345113158226013,0.4066295623779297,2.366666555404663,24
tcn,33724876,corridor_adl__corridor_walk_1,/Users/ruzhan/fall_test/corridor_adl/corridor_walk_1.mp4,0,1,FP,0,1,0.9414030313491821,0.2378736287355423,0.022322559729218483,0.13577164709568024,2.366666555404663,20
tcn,33724876,corridor_adl__corridor_walk_2,/Users/ruzhan/fall_test/corridor_adl/corridor_walk_2.mp4,0,1,FP,0,1,0.9278450608253479,0.5135422348976135,0.11368703842163086,0.0,2.366666555404663,18
tcn,33724876,kitchen__kitchen_back_1,/Users/ruzhan/fall_test/kitchen/kitchen_back_1.mp4,1,1,TP,1,1,0.90203857421875,0.2653072774410248,0.37815216183662415,0.34606310725212097,2.366666555404663,21
tcn,33724876,kitchen__kitchen_back_2,/Users/ruzhan/fall_test/kitchen/kitchen_back_2.mp4,1,1,TP,1,1,1.0,0.30168330669403076,0.4346223771572113,0.7641867399215698,19.16666603088379,34
tcn,33724876,kitchen__kitchen_front_1,/Users/ruzhan/fall_test/kitchen/kitchen_front_1.mp4,1,1,TP,1,1,0.9734266400337219,0.26656192541122437,0.09739884734153748,0.2970963418483734,2.366666555404663,14
tcn,33724876,kitchen__kitchen_front_2,/Users/ruzhan/fall_test/kitchen/kitchen_front_2.mp4,1,1,TP,1,1,1.0,0.31641507148742676,0.47142964601516724,0.7456933856010437,19.16666603088379,29
tcn,33724876,kitchen__kitchen_side_1,/Users/ruzhan/fall_test/kitchen/kitchen_side_1.mp4,1,1,TP,1,1,1.0,0.8163561820983887,0.5031375885009766,0.21306554973125458,4.766666889190674,36
tcn,33724876,kitchen__kitchen_side_2,/Users/ruzhan/fall_test/kitchen/kitchen_side_2.mp4,1,1,TP,1,1,0.9999707937240601,0.8780761361122131,0.2887519896030426,0.136666402220726,2.366666555404663,29
tcn,33724876,kitchen_adl__kitchen_lie_1,/Users/ruzhan/fall_test/kitchen_adl/kitchen_lie_1.mp4,0,1,FP,0,2,1.0,0.4601738154888153,0.7811341881752014,0.1435346156358719,2.366666555404663,46
tcn,33724876,kitchen_adl__kitchen_lie_2,/Users/ruzhan/fall_test/kitchen_adl/kitchen_lie_2.mp4,0,1,FP,0,1,0.9999995231628418,0.596441388130188,0.5099090933799744,0.10915820300579071,10.366666793823242,28
tcn,33724876,kitchen_adl__kitchen_sit_1,/Users/ruzhan/fall_test/kitchen_adl/kitchen_sit_1.mp4,0,1,FP,0,1,0.9991531372070312,0.11217591911554337,0.6994116902351379,0.3333021402359009,2.366666555404663,34
tcn,33724876,kitchen_adl__kitchen_sit_2,/Users/ruzhan/fall_test/kitchen_adl/kitchen_sit_2.mp4,0,1,FP,0,1,0.9743838310241699,0.21242694556713104,0.4787076711654663,0.17553403973579407,2.366666555404663,31
tcn,33724876,kitchen_adl__kitchen_sit_bend_1,/Users/ruzhan/fall_test/kitchen_adl/kitchen_sit_bend_1.mp4,0,1,FP,0,2,0.9996558427810669,0.09762784838676453,0.821293830871582,0.18148081004619598,2.366666555404663,55
tcn,33724876,kitchen_adl__kitchen_walk_1,/Users/ruzhan/fall_test/kitchen_adl/kitchen_walk_1.mp4,0,1,FP,0,1,0.9825409054756165,0.14483632147312164,0.4734242558479309,0.10486014187335968,6.366666793823242,39
