protocol_group,protocol,model,selection,seed_count,seeds,offline_ap_mean,offline_ap_min,offline_ap_max,offline_auc_mean,offline_op2_f1_mean,offline_op2_recall_mean,offline_op2_fa24h_mean,custom_correct_mean,custom_correct_min,custom_correct_max,custom_selected_correct,custom_selected_confusion,report_status,report_role,primary_artifacts,notes
Core target baseline,CaucaFall-only W48/S12 c2_bbox,TCN,"5 seeds, validation-fitted OP2 per model/seed",5,"42,1337,17,2025,33724876",0.993,0.986,0.997,0.994,1.000,1.000,0.000,16.600,12,20,,,ready,Target-dataset baseline for paired TCN vs CTR-GCN comparison.,outputs/metrics/caucafall_W48S12_c2_bbox_fiveseed_summary_2026-05-06.json; outputs/metrics/custom_replay_c2_bbox_f1_minthr_k2n3_fiveseed_summary_2026-05-06.json,"Current c2_bbox extraction; custom replay is system evidence, not the offline benchmark split."
Core target baseline,CaucaFall-only W48/S12 c2_bbox,CTR-GCN,"5 seeds, validation-fitted OP2 per model/seed",5,"42,1337,17,2025,33724876",0.996,0.992,1.000,0.997,0.870,0.800,0.000,18.200,16,21,,,ready,Target-dataset baseline for paired TCN vs CTR-GCN comparison.,outputs/metrics/caucafall_W48S12_c2_bbox_fiveseed_summary_2026-05-06.json; outputs/metrics/custom_replay_c2_bbox_f1_minthr_k2n3_fiveseed_summary_2026-05-06.json,"Current c2_bbox extraction; custom replay is system evidence, not the offline benchmark split."
Core source-domain baseline,LE2i-only W48/S12 c2,TCN,"5 seeds, validation-fitted OP2 per model/seed",5,"42,1337,17,2025,33724876",0.841,0.819,0.865,0.970,0.947,1.000,581.584,,,,,,ready_source_domain,Source-domain completeness row; do not treat as deployment-target replay evidence.,outputs/metrics/tcn_le2i_W48S12_c2_pretrain_policy_f1_minthr_k2n3_s42_test.json; outputs/metrics/tcn_le2i_W48S12_c2_pretrain_policy_f1_minthr_k2n3_s1337_test.json; outputs/metrics/tcn_le2i_W48S12_c2_pretrain_policy_f1_minthr_k2n3_s17_test.json; outputs/metrics/tcn_le2i_W48S12_c2_pretrain_policy_f1_minthr_k2n3_s2025_test.json; outputs/metrics/tcn_le2i_W48S12_c2_pretrain_policy_f1_minthr_k2n3_s33724876_test.json,"LE2i test duration is short, so one false alert inflates FA/24h; report raw FP/precision with FA/24h caveat if needed."
Core source-domain baseline,LE2i-only W48/S12 c2,CTR-GCN,"5 seeds, validation-fitted OP2 per model/seed",5,"42,1337,17,2025,33724876",0.852,0.775,0.931,0.968,0.947,1.000,581.584,,,,,,ready_source_domain,Source-domain completeness row; do not treat as deployment-target replay evidence.,outputs/metrics/ctr_gcn_le2i_W48S12_c2_bone_twostream_sum_pretrain_policy_f1_minthr_k2n3_s42_test.json; outputs/metrics/ctr_gcn_le2i_W48S12_c2_bone_twostream_sum_pretrain_policy_f1_minthr_k2n3_s1337_test.json; outputs/metrics/ctr_gcn_le2i_W48S12_c2_bone_twostream_sum_pretrain_policy_f1_minthr_k2n3_s17_test.json; outputs/metrics/ctr_gcn_le2i_W48S12_c2_bone_twostream_sum_pretrain_policy_f1_minthr_k2n3_s2025_test.json; outputs/metrics/ctr_gcn_le2i_W48S12_c2_bone_twostream_sum_pretrain_policy_f1_minthr_k2n3_s33724876_test.json,"LE2i test duration is short, so one false alert inflates FA/24h; report raw FP/precision with FA/24h caveat if needed."
Transfer bridge,LE2i pretrain -> CaucaFall fine-tune,TCN,"5 seeds, validation-fitted OP2 per model/seed",5,"42,1337,17,2025,33724876",0.997,0.995,0.999,0.998,1.000,1.000,0.000,12.600,10,17,,,ready_supporting,Ablation/transfer evidence showing naive supervised pretrain is not the selected path.,outputs/metrics/phase16_le2i_pretrain_finetune_fiveseed_summary_2026-05-06.json; outputs/metrics/phase16_le2i_pretrain_validation_clean_candidates_2026-05-06.json,Useful for defending why LE2i is not used as naive pretrain.
Transfer bridge,LE2i pretrain -> CaucaFall fine-tune,CTR-GCN,"5 seeds, validation-fitted OP2 per model/seed",5,"42,1337,17,2025,33724876",0.995,0.994,0.998,0.996,0.982,1.000,188.182,16.600,15,18,,,ready_supporting,Ablation/transfer evidence showing naive supervised pretrain is not the selected path.,outputs/metrics/phase16_le2i_pretrain_finetune_fiveseed_summary_2026-05-06.json; outputs/metrics/phase16_le2i_pretrain_validation_clean_candidates_2026-05-06.json,Useful for defending why LE2i is not used as naive pretrain.
Core mixed-data protocol,CaucaFall+LE2i controlled mix25 balanced,TCN,5 seeds plus clean validation-selected candidates,5,"42,1337,17,2025,33724876",0.998,0.997,0.999,0.998,1.000,1.000,0.000,17.800,15,20,20,TP=12 TN=8 FP=4 FN=0,ready,Main mixed-data comparison before runtime delivery gate.,outputs/metrics/phase17_controlled_mix25_balanced_fiveseed_summary_2026-05-06.json; outputs/metrics/phase17_controlled_mix25_balanced_validation_clean_candidates_2026-05-06.json,Controlled mix helps TCN most; CTR-GCN remains useful as model-family comparison but is not the locked deployment champion.
Core mixed-data protocol,CaucaFall+LE2i controlled mix25 balanced,CTR-GCN,5 seeds plus clean validation-selected candidates,5,"42,1337,17,2025,33724876",0.994,0.987,0.997,0.995,0.978,0.960,0.000,18,17,19,18,TP=8 TN=10 FP=2 FN=4,ready,Main mixed-data comparison before runtime delivery gate.,outputs/metrics/phase17_controlled_mix25_balanced_fiveseed_summary_2026-05-06.json; outputs/metrics/phase17_controlled_mix25_balanced_validation_clean_candidates_2026-05-06.json,Controlled mix helps TCN most; CTR-GCN remains useful as model-family comparison but is not the locked deployment champion.
Locked deployment result,CaucaFall+LE2i mix25 TCN seed42 + OP2 + motion gate 0.18,TCN,locked champion,1,42,,,,,,,,23,23,23,23,TP=12 TN=11 FP=1 FN=0,locked_champion,Primary deployment result and final online/runtime configuration.,artifacts/archive/report_evidence_20260506/eval/fall_test_eval_20260506_phase18_tcn_mix25_s42_motion_gate/tcn_mix25_s42_op2_motion018_metrics.json; outputs/metrics/phase18_tcn_mix25_s42_delivery_gate_sweep_2026-05-06.csv; ops/configs/delivery/tcn_mix25_s42_op2_motion018.yaml; ops/configs/ops/tcn_caucafall.yaml,"Use as final system result; report the gate as a deployment-time stability rule after model selection, not as a new training protocol."
